<ROOT><KYC_DATA><APP_POS_CODE>DOTEXTEST</APP_POS_CODE><APP_TYPE>N</APP_TYPE><APP_NO>333</APP_NO><APP_DATE>10/01/2012</APP_DATE><APP_PAN_NO>AAAHY1923J</APP_PAN_NO><APP_PAN_COPY>Y</APP_PAN_COPY><APP_EXMT>N</APP_EXMT><APP_EXMT_CAT></APP_EXMT_CAT><APP_EXMT_ID_PROOF>01</APP_EXMT_ID_PROOF><APP_IPV_FLAG>Y</APP_IPV_FLAG><APP_IPV_DATE>10/01/2012</APP_IPV_DATE><APP_GEN></APP_GEN><APP_NAME>ABC LTD</APP_NAME><APP_F_NAME></APP_F_NAME><APP_REGNO>12</APP_REGNO><APP_DOB_DT></APP_DOB_DT><APP_COMMENCE_DT>01/01/2001</APP_COMMENCE_DT><APP_NATIONALITY></APP_NATIONALITY><APP_OTH_NATIONALITY></APP_OTH_NATIONALITY><APP_COMP_STATUS>01</APP_COMP_STATUS><APP_OTH_COMP_STATUS></APP_OTH_COMP_STATUS><APP_RES_STATUS></APP_RES_STATUS><APP_RES_STATUS_PROOF></APP_RES_STATUS_PROOF><APP_UID_NO>N</APP_UID_NO><APP_COR_ADD1>AAAAAAAAAAAAAABBBBBBBBBBBBBBBBBBBBBBBBBBBBB</APP_COR_ADD1><APP_COR_ADD2></APP_COR_ADD2><APP_COR_ADD3>XYZ</APP_COR_ADD3><APP_COR_CITY>MUMBAI</APP_COR_CITY><APP_COR_PINCD>400001</APP_COR_PINCD><APP_COR_STATE>027</APP_COR_STATE><APP_COR_CTRY>101</APP_COR_CTRY><APP_OFF_NO></APP_OFF_NO><APP_RES_NO>9110228899998989</APP_RES_NO><APP_MOB_NO>9561243581</APP_MOB_NO><APP_FAX_NO></APP_FAX_NO><APP_EMAIL>SHWETAP@CDSLINDIA.COM</APP_EMAIL><APP_COR_ADD_PROOF>04</APP_COR_ADD_PROOF><APP_COR_ADD_REF>12</APP_COR_ADD_REF><APP_COR_ADD_DT>01/01/2011</APP_COR_ADD_DT><APP_PER_ADD1>AAAAAAAAAAAAAABBBBBBBBBBBBBBBBBBBBBBBBBBBBB</APP_PER_ADD1><APP_PER_ADD2></APP_PER_ADD2><APP_PER_ADD3>XYZ</APP_PER_ADD3><APP_PER_CITY>MUMBAI</APP_PER_CITY><APP_PER_PINCD>400001</APP_PER_PINCD><APP_PER_STATE>027</APP_PER_STATE><APP_PER_CTRY>101</APP_PER_CTRY><APP_PER_ADD_PROOF>04</APP_PER_ADD_PROOF><APP_PER_ADD_REF>12</APP_PER_ADD_REF><APP_PER_ADD_DT>01/01/2011</APP_PER_ADD_DT><APP_INCOME>03</APP_INCOME><APP_OCC></APP_OCC><APP_OTH_OCC></APP_OTH_OCC><APP_POL_CONN></APP_POL_CONN><APP_DOC_PROOF>S</APP_DOC_PROOF><APP_INTERNAL_REF>WEBSOLICIT</APP_INTERNAL_REF><APP_BRANCH_CODE>DELHI</APP_BRANCH_CODE><APP_MAR_STATUS></APP_MAR_STATUS><APP_NETWRTH>11111111</APP_NETWRTH><APP_NETWORTH_DT>10/01/2012</APP_NETWORTH_DT><APP_INCORP_PLC>MUMBAI</APP_INCORP_PLC><APP_OTHERINFO></APP_OTHERINFO><APP_ACC_OPENDT>01/01/1900</APP_ACC_OPENDT><APP_ACC_ACTIVEDT>01/01/1900</APP_ACC_ACTIVEDT><APP_ACC_UPDTDT>01/01/1900</APP_ACC_UPDTDT><APP_FILLER1></APP_FILLER1><APP_FILLER2></APP_FILLER2><APP_FILLER3></APP_FILLER3><APP_STATUS>02</APP_STATUS><APP_STATUSDT>01/08/2014 11:51:37</APP_STATUSDT><APP_ERROR_DESC>ERR-00000</APP_ERROR_DESC><APP_DUMP_TYPE>S</APP_DUMP_TYPE><APP_DNLDDT>09/09/2021 17:02:43</APP_DNLDDT><APP_REMARKS></APP_REMARKS><APP_KYC_MODE>0</APP_KYC_MODE><APP_UID_TOKEN></APP_UID_TOKEN><APP_VER_NO>V33</APP_VER_NO><APP_KRA_INFO>CVLKRA</APP_KRA_INFO><APP_IOP_FLG>Y</APP_IOP_FLG> <APP_SIGNATURE></APP_SIGNATURE> </KYC_DATA><ADDL_INFO><APP_ENTITY_PAN>AAAHY1923J</APP_ENTITY_PAN><APP_ADDLDATA_PAN>ABCDF1234E</APP_ADDLDATA_PAN><APP_ADDLDATA_NAME>ABC</APP_ADDLDATA_NAME><APP_ADDLDATA_DIN_UID>1112</APP_ADDLDATA_DIN_UID><APP_ADDLDATA_RELATIONSHIP>01</APP_ADDLDATA_RELATIONSHIP><APP_ADDLDATA_POLCONN>NA</APP_ADDLDATA_POLCONN><APP_ADDLDATA_RESADD1>LIJJAT PAPAD</APP_ADDLDATA_RESADD1><APP_ADDLDATA_RESADD2></APP_ADDLDATA_RESADD2><APP_ADDLDATA_RESADD3>WADALA</APP_ADDLDATA_RESADD3><APP_ADDLDATA_RESCITY>MUMBAI</APP_ADDLDATA_RESCITY><APP_ADDLDATA_RESPINCD>400031</APP_ADDLDATA_RESPINCD><APP_ADDLDATA_RESSTATE>MAHARASTRA</APP_ADDLDATA_RESSTATE><APP_ADDLDATA_RESCOUNTRY>101</APP_ADDLDATA_RESCOUNTRY><APP_ADDLDATA_FILLER1></APP_ADDLDATA_FILLER1><APP_ADDLDATA_FILLER2></APP_ADDLDATA_FILLER2><APP_ADDLDATA_FILLER3></APP_ADDLDATA_FILLER3></ADDL_INFO><APP_PAN_SUMM><APP_OTHKRA_CODE>DOTEXTEST</APP_OTHKRA_CODE><APP_OTHKRA_BATCH>TESTNON</APP_OTHKRA_BATCH><APP_REQ_DATE>07/09/2021 13:29:23</APP_REQ_DATE><APP_RESPONSE_DATE>09/09/2021 17:02:43</APP_RESPONSE_DATE><APP_TOTAL_REC>1</APP_TOTAL_REC></APP_PAN_SUMM></ROOT>