<ROOT>
<HEADER><COMPANY_CODE>KLAL</COMPANY_CODE><BATCH_DATE>25/03/2019</BATCH_DATE></HEADER>
<KYCDATA>
<APP_UPDTFLG>02</APP_UPDTFLG>
<APP_POS_CODE>KLAL</APP_POS_CODE>
<APP_TYPE>I</APP_TYPE>
<APP_NO>00001</APP_NO>
<APP_DATE>25/03/2019</APP_DATE>
<APP_PAN_NO>AAAPC6666C</APP_PAN_NO>
<APP_PAN_COPY>Y</APP_PAN_COPY>
<APP_EXMT>N</APP_EXMT>
<APP_EXMT_CAT></APP_EXMT_CAT>
<APP_EXMT_ID_PROOF>01</APP_EXMT_ID_PROOF>
<APP_IPV_FLAG>Y</APP_IPV_FLAG>
<APP_IPV_DATE>25/03/2019</APP_IPV_DATE>
<APP_GEN>M</APP_GEN>
<APP_NAME>ABHIJIT CHAVAN</APP_NAME>
<APP_F_NAME>HANMANT CHAVAN</APP_F_NAME>
<APP_REGNO></APP_REGNO>
<APP_DOB_INCORP>01/01/2001</APP_DOB_INCORP>
<APP_COMMENCE_DT></APP_COMMENCE_DT>
<APP_NATIONALITY>01</APP_NATIONALITY>
<APP_OTH_NATIONALITY></APP_OTH_NATIONALITY>
<APP_COMP_STATUS></APP_COMP_STATUS>
<APP_OTH_COMP_STATUS></APP_OTH_COMP_STATUS>
<APP_RES_STATUS>3</APP_RES_STATUS>
<APP_RES_STATUS_PROOF>01</APP_RES_STATUS_PROOF>
<APP_UID_NO></APP_UID_NO>
<APP_COR_ADD1>GULMOHAR</APP_COR_ADD1>
<APP_COR_ADD2>SECTOR - 16</APP_COR_ADD2>
<APP_COR_ADD3>AIROLI</APP_COR_ADD3>
<APP_COR_CITY>NAVI MUMBAI</APP_COR_CITY>
<APP_COR_PINCD>400708</APP_COR_PINCD>
<APP_COR_STATE>027</APP_COR_STATE>
<APP_COR_CTRY>101</APP_COR_CTRY>
<APP_OFF_ISD>91</APP_OFF_ISD>
<APP_OFF_STD>022</APP_OFF_STD>
<APP_OFF_NO>23023333</APP_OFF_NO>
<APP_RES_ISD>91</APP_RES_ISD>
<APP_RES_STD>022</APP_RES_STD>
<APP_RES_NO>23023333</APP_RES_NO>
<APP_MOB_ISD>91</APP_MOB_ISD>
<APP_MOB_NO>9812345678</APP_MOB_NO>
<APP_FAX_ISD>91</APP_FAX_ISD>
<APP_FAX_STD>022</APP_FAX_STD>
<APP_FAX_NO>23002043</APP_FAX_NO>
<APP_EMAIL>ABC@CDSLINDIA.COM</APP_EMAIL>
<APP_COR_ADD_PROOF>02</APP_COR_ADD_PROOF>
<APP_COR_ADD_REF>MH4300012548</APP_COR_ADD_REF>
<APP_COR_ADD_DT>26/12/2023</APP_COR_ADD_DT>
<APP_PER_ADD_FLAG>Y</APP_PER_ADD_FLAG>
<APP_PER_ADD1>GULMOHAR</APP_PER_ADD1>
<APP_PER_ADD2>SECTOR - 16</APP_PER_ADD2>
<APP_PER_ADD3>AIROLI</APP_PER_ADD3>
<APP_PER_CITY>NAVI MUMBAI</APP_PER_CITY>
<APP_PER_PINCD>400708</APP_PER_PINCD>
<APP_PER_STATE>027</APP_PER_STATE>
<APP_PER_CTRY>101</APP_PER_CTRY>
<APP_PER_ADD_PROOF>02</APP_PER_ADD_PROOF>
<APP_PER_ADD_REF>MH4300012548</APP_PER_ADD_REF>
<APP_PER_ADD_DT>26/12/2023</APP_PER_ADD_DT>
<APP_INCOME>02</APP_INCOME>
<APP_OCC>02</APP_OCC>
<APP_OTH_OCC></APP_OTH_OCC>
<APP_POL_CONN></APP_POL_CONN>
<APP_DOC_PROOF>S</APP_DOC_PROOF>
<APP_INTERNAL_REF></APP_INTERNAL_REF>
<APP_BRANCH_CODE>HEADOFFICE</APP_BRANCH_CODE>
<APP_MAR_STATUS>01</APP_MAR_STATUS>
<APP_NETWRTH></APP_NETWRTH>
<APP_NETWORTH_DT></APP_NETWORTH_DT>
<APP_INCORP_PLC></APP_INCORP_PLC>
<APP_OTHERINFO></APP_OTHERINFO>
<APP_FILLER1></APP_FILLER1>
<APP_FILLER2></APP_FILLER2>
<APP_FILLER3></APP_FILLER3>
<APP_IPV_NAME>KRISHAN KANT</APP_IPV_NAME>
<APP_IPV_DESG>ASST. MANAGER</APP_IPV_DESG>
<APP_IPV_ORGAN>TEST CO LTD</APP_IPV_ORGAN>
<APP_KYC_MODE>0</APP_KYC_MODE>
<APP_VER_NO>V28</APP_VER_NO>
<APP_VID_NO></APP_VID_NO>
<APP_UID_TOKEN></APP_UID_TOKEN>
<APP_AUTH_NAME></APP_AUTH_NAME>
<APP_AUTH_EMAIL></APP_AUTH_EMAIL>
<APP_AUTH_EMAIL1></APP_AUTH_EMAIL1>
<APP_AUTH_EMAIL2></APP_AUTH_EMAIL2>
<APP_AUTH_MOBILE></APP_AUTH_MOBILE>
<APP_AUTH_FPICONSENT></APP_AUTH_FPICONSENT>
<APP_AUTH_UBOCONSENT></APP_AUTH_UBOCONSENT>
</KYCDATA>
<FOOTER><NO_OF_KYC_RECORDS>1</NO_OF_KYC_RECORDS><NO_OF_ADDLDATA_RECORDS>0</NO_OF_ADDLDATA_RECORDS></FOOTER>
</ROOT>
