<ROOT>
  <HEADER>
    <COMPANY_CODE>CDSL</COMPANY_CODE>
    <BATCH_DATE>13/12/2012</BATCH_DATE>
  </HEADER>
  <KYCDATA>
    <APP_UPDTFLG>07</APP_UPDTFLG>
    <APP_POS_CODE>CDSL</APP_POS_CODE>
    <APP_TYPE>I</APP_TYPE>
    <APP_DATE>13/12/2012</APP_DATE>
    <APP_PAN_NO>AAAPA1111A</APP_PAN_NO>
    <APP_PAN_COPY>01</APP_PAN_COPY>
    <APP_EXMT>N</APP_EXMT>
    <APP_EXMT_ID_PROOF>01</APP_EXMT_ID_PROOF>
    <APP_GEN>M</APP_GEN>
    <APP_NAME>ABHIJIT</APP_NAME>
    <APP_F_NAME>SOMESH</APP_F_NAME>
    <APP_DOB_INCORP>05/10/1980</APP_DOB_INCORP>
    <APP_NATIONALITY>01</APP_NATIONALITY>
    <APP_RES_STATUS>01</APP_RES_STATUS>
    <APP_COR_ADD1>16th Floor, P J Tower</APP_COR_ADD1>
    <APP_COR_ADD2>Fort</APP_COR_ADD2>
    <APP_COR_CITY>Mumbai</APP_COR_CITY>
    <APP_COR_PINCD>400001</APP_COR_PINCD>
    <APP_COR_STATE>027</APP_COR_STATE>
    <APP_COR_CTRY>101</APP_COR_CTRY>
    <APP_COR_ADD_PROOF>01</APP_COR_ADD_PROOF>
    <APP_PER_ADD_FLAG>Y</APP_PER_ADD_FLAG>
    <APP_OCC>02</APP_OCC>
    <APP_POL_CONN>NA</APP_POL_CONN>
    <APP_MAR_STATUS>01</APP_MAR_STATUS>
    <APP_ACC_OPENDT>01/05/2005</APP_ACC_OPENDT>
    <APP_ACC_ACTIVEDT>01/05/2005</APP_ACC_ACTIVEDT>
    <APP_ACC_UPDTDT>01/05/2005</APP_ACC_UPDTDT>
  </KYCDATA>
  <FOOTER>
    <NO_OF_KYC_RECORDS>1</NO_OF_KYC_RECORDS>
    <NO_OF_ADDLDATA_RECORDS>0</NO_OF_ADDLDATA_RECORDS>
  </FOOTER>
</ROOT>