{"asset/fonts/GothicBlack.ttf":["asset/fonts/GothicBlack.ttf"],"asset/fonts/GothicBold.ttf":["asset/fonts/GothicBold.ttf"],"asset/fonts/GothicExtraBold.ttf":["asset/fonts/GothicExtraBold.ttf"],"asset/fonts/GothicExtraLight.ttf":["asset/fonts/GothicExtraLight.ttf"],"asset/fonts/GothicLight.ttf":["asset/fonts/GothicLight.ttf"],"asset/fonts/GothicMedium.ttf":["asset/fonts/GothicMedium.ttf"],"asset/fonts/GothicRegular.ttf":["asset/fonts/GothicRegular.ttf"],"asset/fonts/GothicSemiBold.ttf":["asset/fonts/GothicSemiBold.ttf"],"asset/fonts/GothicThin.ttf":["asset/fonts/GothicThin.ttf"],"asset/images/Checklist.png":["asset/images/Checklist.png"],"asset/images/Esign_selected.png":["asset/images/Esign_selected.png"],"asset/images/backgroudicon.png":["asset/images/backgroudicon.png"],"asset/images/bank.png":["asset/images/bank.png"],"asset/images/bank_selected.png":["asset/images/bank_selected.png"],"asset/images/bankheader.png":["asset/images/bankheader.png"],"asset/images/calendar.png":["asset/images/calendar.png"],"asset/images/document.png":["asset/images/document.png"],"asset/images/document_selected.png":["asset/images/document_selected.png"],"asset/images/email_id.png":["asset/images/email_id.png"],"asset/images/esign.png":["asset/images/esign.png"],"asset/images/esignselected.png":["asset/images/esignselected.png"],"asset/images/flutter-logo.png":["asset/images/flutter-logo.png"],"asset/images/full_name.png":["asset/images/full_name.png"],"asset/images/icon.png":["asset/images/icon.png"],"asset/images/ipv.png":["asset/images/ipv.png"],"asset/images/ipv_selected.png":["asset/images/ipv_selected.png"],"asset/images/ipvheader.png":["asset/images/ipvheader.png"],"asset/images/mobile_number.png":["asset/images/mobile_number.png"],"asset/images/pan.png":["asset/images/pan.png"],"asset/images/pan_selected.png":["asset/images/pan_selected.png"],"asset/images/payment.png":["asset/images/payment.png"],"asset/images/payment_selected.png":["asset/images/payment_selected.png"],"asset/images/paymentheader.png":["asset/images/paymentheader.png"],"asset/images/personal_header.png":["asset/images/personal_header.png"],"asset/images/personal_selected.png":["asset/images/personal_selected.png"],"asset/images/personaldetails.png":["asset/images/personaldetails.png"],"asset/images/processcomplete.png":["asset/images/processcomplete.png"],"asset/images/right_tick.png":["asset/images/right_tick.png"],"asset/images/signout.png":["asset/images/signout.png"],"asset/images/signoutwhite.png":["asset/images/signoutwhite.png"],"asset/images/success_otp.png":["asset/images/success_otp.png"],"asset/images/uploadblack.png":["asset/images/uploadblack.png"],"asset/images/uploadheader.png":["asset/images/uploadheader.png"],"asset/images/vishwasicon-modified.png":["asset/images/vishwasicon-modified.png"],"asset/images/vishwaslogo.png":["asset/images/vishwaslogo.png"],"asset/pdf/MasterForm.pdf":["asset/pdf/MasterForm.pdf"],"asset/pdf/MasterForm_25_34.pdf":["asset/pdf/MasterForm_25_34.pdf"],"asset/pdf/MasterForm_5_27.pdf":["asset/pdf/MasterForm_5_27.pdf"],"asset/pdf/MasterForm_5_34.pdf":["asset/pdf/MasterForm_5_34.pdf"],"asset/pdf/certificate.pfx":["asset/pdf/certificate.pfx"],"asset/pdf/digital_signature_template.pdf":["asset/pdf/digital_signature_template.pdf"],"asset/svg/bank_svg.svg":["asset/svg/bank_svg.svg"],"asset/svg/calendar.svg":["asset/svg/calendar.svg"],"asset/svg/document_svg.svg":["asset/svg/document_svg.svg"],"asset/svg/email_id.svg":["asset/svg/email_id.svg"],"asset/svg/esign_svg.svg":["asset/svg/esign_svg.svg"],"asset/svg/full_name.svg":["asset/svg/full_name.svg"],"asset/svg/ipv_svg.svg":["asset/svg/ipv_svg.svg"],"asset/svg/mobile.svg":["asset/svg/mobile.svg"],"asset/svg/pancard_svg.svg":["asset/svg/pancard_svg.svg"],"asset/svg/payment_svg.svg":["asset/svg/payment_svg.svg"],"asset/svg/personal_details_svg.svg":["asset/svg/personal_details_svg.svg"],"asset/svg/processcomplete_svg.svg":["asset/svg/processcomplete_svg.svg"],"asset/svg/signout.svg":["asset/svg/signout.svg"],"packages/cupertino_icons/assets/CupertinoIcons.ttf":["packages/cupertino_icons/assets/CupertinoIcons.ttf"]}