[{"family":"MaterialIcons","fonts":[{"asset":"fonts/MaterialIcons-Regular.otf"}]},{"family":"century_gothic","fonts":[{"asset":"asset/fonts/GothicBlack.ttf"},{"asset":"asset/fonts/GothicBold.ttf"},{"asset":"asset/fonts/GothicExtraBold.ttf"},{"asset":"asset/fonts/GothicExtraLight.ttf"},{"asset":"asset/fonts/GothicLight.ttf"},{"asset":"asset/fonts/GothicMedium.ttf"},{"asset":"asset/fonts/GothicRegular.ttf"},{"asset":"asset/fonts/GothicSemiBold.ttf"},{"asset":"asset/fonts/GothicThin.ttf"}]},{"family":"packages/cupertino_icons/CupertinoIcons","fonts":[{"asset":"packages/cupertino_icons/assets/CupertinoIcons.ttf"}]}]