[  
  {
    "isExpanded": false,
    "name": "Profile",
    "iconData": "profile_icon",
    "subMenu": []
  },  
  {
    "isExpanded": false,
    "name": "Fund Transfer",
    "iconData": "ft_icon",
    "subMenu": [
      "Netbanking Transfer",
      "UPI Transfer",
      "Fund Transfer Details"
    ]
  },
  {
    "isExpanded": false,
    "name": "Back Office Reports",
    "iconData": "bo_icon",
    "subMenu": [
      "Ledger Report",
      "Trade Summary",
      "Holdings Report",
      "Transaction Report",
      "Client Financial Statement",
      "Portfolio Details",
      "Profit and Loss Details"
    ]
  },
  {
    "isExpanded": false,
    "name": "Strategy Finder",
    "iconData": "sf_icon",
    "subMenu": []
  },
  {
    "isExpanded": false,
    "name": "Strategy Builder",
    "iconData": "sb_icon",
    "subMenu": []
  },
  {
    "isExpanded": false,
    "name": "E-DIS",
    "iconData": "edis_icon",
    "subMenu": [
      "E-DIS Dashboard",
      "E-DIS Transaction Details",
      "Margin Pledge"
    ]
  },
  {
    "isExpanded": false,
    "name": "Charting",
    "iconData": "charting_icon",
    "subMenu": []
  },
  {
    "isExpanded": false,
    "name": "Stock Alert",
    "iconData": "alert_icon",
    "subMenu": []
  },
  {
    "isExpanded": false,
    "name": "IPO",
    "iconData": "alert_icon",
    "subMenu": []
  },
  {
    "isExpanded": false,
    "name": "Notification",
    "iconData": "notification_icon",
    "subMenu": []
  },
  {
      "isExpanded": false,
      "name": "Recommendation",
      "iconData": "recomm_icon",
      "subMenu": []
  },
  {
    "isExpanded": false,
    "name": "Settings",
    "iconData": "setting_icon",
    "subMenu": []    
  },  
  {
    "isExpanded": false,
    "name": "More",
    "iconData": "more_icon",
    "subMenu": [
      "About Us",
      "Version"
    ]
  },
  {
    "isExpanded": false,
    "name": "Links",
    "iconData": "link_icon",
    "subMenu": [
      "SEBI",
      "NSE",
      "BSE",
      "MCX",
      "NCDEX",
      "SSL",
      "Back Office",
      "Fund Transfer Offline"
    ]
  },
  {
    "isExpanded": false,
    "name": "Logout",
    "iconData": "logout_icon",
    "subMenu": []
  }
]



