{
  "project_info": {
    "project_number": "916064214401",
    "firebase_url": "https://acumengroup-11442.firebaseio.com",
    "project_id": "acumengroup-11442",
    "storage_bucket": "acumengroup-11442.appspot.com"
  },
  "client": [
    {
      "client_info": {
        "mobilesdk_app_id": "1:916064214401:android:a930ade4182dc716a91c80",
        "android_client_info": {
          "package_name": "com.acumengroup.mobile"
        }
      },
      "oauth_client": [
        {
          "client_id": "916064214401-sn4d47153a668960kk4j665v9qh22hin.apps.googleusercontent.com",
          "client_type": 3
        }
      ],
      "api_key": [
        {
          "current_key": "AIzaSyD3YdA8WM4m8onjI_KbhUXrNjG52Lw8I7M"
        },
        {
          "current_key": "AIzaSyDxzN2ICJG3JhqbDQY4FegppxUmM9FX2F0"
        }
      ],
      "services": {
        "appinvite_service": {
          "other_platform_oauth_client": [
            {
              "client_id": "916064214401-sn4d47153a668960kk4j665v9qh22hin.apps.googleusercontent.com",
              "client_type": 3
            }
          ]
        }
      }
    },
    {
      "client_info": {
        "mobilesdk_app_id": "1:916064214401:android:bffdc5c8785f97dca91c80",
        "android_client_info": {
          "package_name": "com.msfl.mobile"
        }
      },
      "oauth_client": [
        {
          "client_id": "916064214401-sn4d47153a668960kk4j665v9qh22hin.apps.googleusercontent.com",
          "client_type": 3
        }
      ],
      "api_key": [
        {
          "current_key": "AIzaSyD3YdA8WM4m8onjI_KbhUXrNjG52Lw8I7M"
        },
        {
          "current_key": "AIzaSyDxzN2ICJG3JhqbDQY4FegppxUmM9FX2F0"
        }
      ],
      "services": {
        "appinvite_service": {
          "other_platform_oauth_client": [
            {
              "client_id": "916064214401-sn4d47153a668960kk4j665v9qh22hin.apps.googleusercontent.com",
              "client_type": 3
            }
          ]
        }
      }
    },
    {
      "client_info": {
        "mobilesdk_app_id": "1:916064214401:android:d13d1c21d6f925cfa91c80",
        "android_client_info": {
          "package_name": "com.tog.mobile"
        }
      },
      "oauth_client": [
        {
          "client_id": "916064214401-sn4d47153a668960kk4j665v9qh22hin.apps.googleusercontent.com",
          "client_type": 3
        }
      ],
      "api_key": [
        {
          "current_key": "AIzaSyD3YdA8WM4m8onjI_KbhUXrNjG52Lw8I7M"
        },
        {
          "current_key": "AIzaSyDxzN2ICJG3JhqbDQY4FegppxUmM9FX2F0"
        }
      ],
      "services": {
        "appinvite_service": {
          "other_platform_oauth_client": [
            {
              "client_id": "916064214401-sn4d47153a668960kk4j665v9qh22hin.apps.googleusercontent.com",
              "client_type": 3
            }
          ]
        }
      }
    }
  ],
  "configuration_version": "1"
}