{
  "project_info": {
    "project_number": "636379712330",
    "project_id": "greeksoft-1e2d9",
    "storage_bucket": "greeksoft-1e2d9.appspot.com"
  },
  "client": [
    {
      "client_info": {
        "mobilesdk_app_id": "1:636379712330:android:a730767144b1b69ce30fb3",
        "android_client_info": {
          "package_name": "com.greekibt.silverstream"
        }
      },
      "oauth_client": [
        {
          "client_id": "636379712330-a7of3pst086nc3e47blinnit38ik7fnk.apps.googleusercontent.com",
          "client_type": 1,
          "android_info": {
            "package_name": "com.greekibt.silverstream",
            "certificate_hash": "82a0fa0ac1bbbf7f3b87a43cbe362f4880d4b808"
          }
        },
        {
          "client_id": "636379712330-4kn1keh8pvjlegjeejqd11l3gmmg3osf.apps.googleusercontent.com",
          "client_type": 3
        }
      ],
      "api_key": [
        {
          "current_key": "AIzaSyCwvh-uhcLsafCqohcNCLdNDx1M0e1pW6k"
        }
      ],
      "services": {
        "appinvite_service": {
          "other_platform_oauth_client": [
            {
              "client_id": "636379712330-4kn1keh8pvjlegjeejqd11l3gmmg3osf.apps.googleusercontent.com",
              "client_type": 3
            }
          ]
        }
      }
    }
  ],
  "configuration_version": "1"
}